supplier_id,date,on_time_delivery_rate,quality_score,supplier_country,geopolitical_risk_score,total_risk_score,risk_category
SUP-001,2024-01-01,0.7582532450676525,96.41177572925346,Vietnam,0.4,0.1649330489379158,Low Risk
SUP-002,2024-01-01,0.9682368964989077,93.41915796354245,Germany,0.25,0.06890718573955057,Low Risk
SUP-003,2024-01-01,0.812107195584004,96.5645076993184,Turkey,0.75,0.1750114773402654,Low Risk
SUP-004,2024-01-01,0.9090053482449556,92.40693394546588,India,0.45,0.1201163905351735,Low Risk
SUP-005,2024-01-01,0.8248106582614586,92.8409924407299,Vietnam,0.4,0.15105073779905906,Low Risk
SUP-006,2024-01-01,0.8748163250826746,91.41311527537825,Taiwan,0.7,0.16497363497359435,Low Risk
SUP-007,2024-01-01,0.8812104670423871,85.38128690116143,USA,0.35,0.15423949877569934,Low Risk
SUP-008,2024-01-01,0.7943650693261265,86.61837140489956,Vietnam,0.4,0.19275304748119507,Low Risk
SUP-009,2024-01-01,0.982700310663494,85.47143778530102,Turkey,0.75,0.14816339016757316,Low Risk
SUP-010,2024-01-01,0.9360318776066676,94.54615616895671,India,0.45,0.09832795231669433,Low Risk
SUP-011,2024-01-01,0.9754797459754054,89.7153397161449,Germany,0.25,0.08231508558841555,Low Risk
SUP-012,2024-01-01,0.9647585641026356,92.62856036747054,Turkey,0.75,0.12403012450019657,Low Risk
SUP-013,2024-01-01,0.8934959949146604,98.6134971088914,Turkey,0.75,0.12916606529839159,Low Risk
SUP-014,2024-01-01,0.971249816405548,88.73938343723313,USA,0.35,0.09861035714995431,Low Risk
SUP-015,2024-01-01,0.7712382004924607,91.15574384553445,Brazil,0.65,0.2077419624734877,Medium Risk
SUP-016,2024-01-01,0.7970358869805948,96.33326707814572,India,0.45,0.1528341490070766,Low Risk
SUP-017,2024-01-01,0.7608545493385291,92.42978382415129,Mexico,0.55,0.1966814255889811,Low Risk
SUP-018,2024-01-01,0.8280792793831835,86.1546986474319,Turkey,0.75,0.21466818036412388,Medium Risk
SUP-019,2024-01-01,0.8432825495254757,89.34627179370652,Brazil,0.65,0.1834646296418566,Low Risk
SUP-020,2024-01-01,0.815123767625735,87.41831930881007,Mexico,0.55,0.19481186767877395,Low Risk
SUP-021,2024-01-01,0.948897002196463,98.9454647851386,India,0.45,0.07274175747846799,Low Risk
SUP-022,2024-01-01,0.8356207984064614,97.12180569346626,China,0.85,0.1719225150964942,Low Risk
SUP-023,2024-01-01,0.8174242823249713,94.50105634765634,Taiwan,0.7,0.17690431938930934,Low Risk
SUP-024,2024-01-01,0.8802470599579797,98.07190885281577,Brazil,0.65,0.1275652331812382,Low Risk
SUP-025,2024-01-01,0.783821813993943,97.05508115348673,South Korea,0.5,0.16053231851203542,Low Risk
SUP-026,2024-01-01,0.9425272753809696,87.79855088329053,China,0.85,0.16576924710375635,Low Risk
SUP-027,2024-01-01,0.767892154483145,98.38838497734966,Taiwan,0.7,0.18170079808451128,Low Risk
SUP-028,2024-01-01,0.9868528647841242,93.09013362873476,USA,0.35,0.0720106095178377,Low Risk
SUP-029,2024-01-01,0.9353387446311978,92.42978382415129,Vietnam,0.4,0.10316353770728019,Low Risk
SUP-030,2024-01-01,0.7976917635682014,98.4413694988524,Germany,0.25,0.12305254364947363,Low Risk
SUP-031,2024-01-01,0.7513253081096646,89.77005212457796,South Korea,0.5,0.20793837679005012,Medium Risk
SUP-032,2024-01-01,0.9457107428291602,86.65077886791515,USA,0.35,0.11950166082125974,Low Risk
SUP-033,2024-01-01,0.919645762523428,88.41902743812912,India,0.45,0.13327378339287638,Low Risk
SUP-034,2024-01-01,0.8706978338170739,91.40661682939384,USA,0.35,0.13185619905004448,Low Risk
SUP-035,2024-01-01,0.9351048832046268,97.2702214888374,Vietnam,0.4,0.08148680585814967,Low Risk
SUP-036,2024-01-01,0.7677707164161817,97.91095874884516,India,0.45,0.15890386324291506,Low Risk
SUP-037,2024-01-01,0.8360317748506254,85.10428195796786,South Korea,0.5,0.1908164325063632,Low Risk
SUP-038,2024-01-01,0.7778085742860311,92.66120953866348,Vietnam,0.4,0.17301069864730034,Low Risk
SUP-039,2024-01-01,0.9571448222101424,91.26116504723169,Mexico,0.55,0.11360958729289335,Low Risk
SUP-040,2024-01-01,0.8995915504386138,88.33161715706095,Germany,0.25,0.12269152509584952,Low Risk
SUP-041,2024-01-01,0.8294155259646359,86.79798051000525,South Korea,0.5,0.18617210102089027,Low Risk
SUP-042,2024-01-01,0.7652540040686456,90.06422757105442,Mexico,0.55,0.20534667409936463,Medium Risk
SUP-043,2024-01-01,0.824635757211759,99.14364555868778,Taiwan,0.7,0.15276750424061347,Low Risk
SUP-044,2024-01-01,0.8280439972864193,89.84804398031133,South Korea,0.5,0.17306400330971033,Low Risk
SUP-045,2024-01-01,0.9251054828011354,92.7818593261505,Taiwan,0.7,0.13618416577181186,Low Risk
SUP-046,2024-01-01,0.9030137931252512,95.54528438342768,India,0.45,0.10869001336821238,Low Risk
SUP-047,2024-01-01,0.9629310582183184,90.4544440356894,Mexico,0.55,0.11463602564115441,Low Risk
SUP-048,2024-01-01,0.8633315820388678,92.42978382415129,Germany,0.25,0.12056676087382867,Low Risk
SUP-049,2024-01-01,0.7787026190251924,99.43670942413166,Vietnam,0.4,0.14211862903007091,Low Risk
SUP-050,2024-01-01,0.9211787489335188,88.77673443738047,Turkey,0.75,0.16097425801170445,Low Risk
SUP-001,2024-01-31,0.8693396414141725,98.50627085744996,Vietnam,0.4,0.10551894250509754,Low Risk
SUP-002,2024-01-31,0.8222107943560247,94.49652185909902,Germany,0.25,0.1297707941738433,Low Risk
SUP-003,2024-01-31,0.8183617186505923,90.08544686573052,Turkey,0.75,0.20135271571144614,Medium Risk
SUP-004,2024-01-31,0.7588528673650878,90.23814361918993,India,0.45,0.19744456339935582,Low Risk
SUP-005,2024-01-31,0.8962954401551753,95.8893351830536,Vietnam,0.4,0.10516504360642993,Low Risk
SUP-006,2024-01-31,0.8706429655749267,98.45665389928864,Taiwan,0.7,0.1351557229444841,Low Risk
SUP-007,2024-01-31,0.7623549002999974,92.42978382415129,USA,0.35,0.17600626765632035,Low Risk
SUP-008,2024-01-31,0.8168751514167867,96.69813318786436,Vietnam,0.4,0.13726458251705642,Low Risk
SUP-009,2024-01-31,0.9679838126319968,94.63047469231432,Turkey,0.75,0.11357014820018696,Low Risk
SUP-010,2024-01-31,0.8074948537600734,86.26209947492573,India,0.45,0.1934478681708012,Low Risk
SUP-011,2024-01-31,0.7847747693018935,92.42978382415129,Germany,0.25,0.15591732660546712,Low Risk
SUP-012,2024-01-31,0.8674686624666151,98.4783128279062,Turkey,0.75,0.14148669416444534,Low Risk
SUP-013,2024-01-31,0.9865561089865442,94.09643589489384,Turkey,0.75,0.1076157894290328,Low Risk
SUP-014,2024-01-31,0.8080932651627601,85.13795577424945,USA,0.35,0.18823722969263543,Low Risk
SUP-015,2024-01-31,0.9113125313774108,86.52207314299048,Brazil,0.65,0.16556003173670802,Low Risk
SUP-016,2024-01-31,0.9327887076788922,94.95252653662084,India,0.45,0.09795871212970472,Low Risk
SUP-017,2024-01-31,0.8070330105581759,85.07592375769327,Mexico,0.55,0.20899348833920112,Medium Risk
SUP-018,2024-01-31,0.9247719236668464,87.41212077126248,Turkey,0.75,0.165498090879238,Low Risk
SUP-019,2024-01-31,0.8382679518526208,93.2310068404988,Brazil,0.65,0.16823989088407604,Low Risk
SUP-020,2024-01-31,0.9017533993424592,95.3784279653904,Mexico,0.55,0.12000804445163656,Low Risk
SUP-021,2024-01-31,0.9020471305826148,94.779418892539,India,0.45,0.11257140622139786,Low Risk
SUP-022,2024-01-31,0.878585924177942,88.36403964190839,China,0.85,0.19199815573133838,Low Risk
SUP-023,2024-01-31,0.7716695448130579,95.68268832021305,Taiwan,0.7,0.19217660739316522,Low Risk
SUP-024,2024-01-31,0.9504725989414172,88.558736312452,Brazil,0.65,0.13877301707032824,Low Risk
SUP-025,2024-01-31,0.8269872155932166,89.88099547238902,South Korea,0.5,0.17339127335730198,Low Risk
SUP-026,2024-01-31,0.794764442495965,96.19737107677037,China,0.85,0.19446783103134913,Low Risk
SUP-027,2024-01-31,0.7597860339731434,94.74449348570822,Taiwan,0.7,0.2017460640263985,Medium Risk
SUP-028,2024-01-31,0.891814306365178,97.73835115741268,USA,0.35,0.09386098192731282,Low Risk
SUP-029,2024-01-31,0.9126154468421478,94.86419338450514,Vietnam,0.4,0.10243417869076034,Low Risk
SUP-030,2024-01-31,0.7539810789426855,93.52462905003208,Germany,0.25,0.1648476837506472,Low Risk
SUP-031,2024-01-31,0.8729023339918274,92.42978382415129,South Korea,0.5,0.1412599224949969,Low Risk
SUP-032,2024-01-31,0.8043589860475051,90.5157370458915,USA,0.35,0.16571763957211097,Low Risk
SUP-033,2024-01-31,0.904841469698268,88.97803551522588,India,0.45,0.13742017881726296,Low Risk
SUP-034,2024-01-31,0.791847942961198,88.65984465068625,USA,0.35,0.1796991247393728,Low Risk
SUP-035,2024-01-31,0.9158250571445918,99.59515832128668,Vietnam,0.4,0.07970051183914367,Low Risk
SUP-036,2024-01-31,0.842816483112129,90.8964658700014,India,0.45,0.15669848618453563,Low Risk
SUP-037,2024-01-31,0.9748151972968164,98.3806983276567,South Korea,0.5,0.06862001874197746,Low Risk
SUP-038,2024-01-31,0.7830050265950383,92.42978382415129,Vietnam,0.4,0.17171371082355194,Low Risk
SUP-039,2024-01-31,0.831855924252062,96.92216955312472,Mexico,0.55,0.14451507109751088,Low Risk
SUP-040,2024-01-31,0.7772336450977414,92.53955639657788,Germany,0.25,0.1588168559214159,Low Risk
SUP-041,2024-01-31,0.971926468386855,93.6535582693954,South Korea,0.5,0.0911920770136359,Low Risk
SUP-042,2024-01-31,0.9605614448114356,92.38776540728296,Mexico,0.55,0.10700240550208072,Low Risk
SUP-043,2024-01-31,0.8119059906516374,87.92864481697066,Taiwan,0.7,0.2089634025303952,Medium Risk
SUP-044,2024-01-31,0.9083961710482028,92.42978382415129,South Korea,0.5,0.12528769581962795,Low Risk
SUP-045,2024-01-31,0.9461333280482918,92.42978382415129,Taiwan,0.7,0.12830597516958792,Low Risk
SUP-046,2024-01-31,0.8706978338170739,85.36473949647181,India,0.45,0.16904464704819364,Low Risk
SUP-047,2024-01-31,0.8771161388054416,94.68208443860752,Mexico,0.55,0.13422835756381746,Low Risk
SUP-048,2024-01-31,0.8080445498161084,87.65666019110573,Germany,0.25,0.16692498172277545,Low Risk
SUP-049,2024-01-31,0.7723446642734159,99.10687876529371,Vietnam,0.4,0.14646394663314116,Low Risk
SUP-050,2024-01-31,0.9653317819087984,99.3089286550388,Turkey,0.75,0.09371051919336613,Low Risk
SUP-001,2024-03-01,0.9695674536529076,92.42978382415129,Vietnam,0.4,0.08776061864751077,Low Risk
SUP-002,2024-03-01,0.8388380880613067,90.40285962116894,Germany,0.25,0.14070999207715176,Low Risk
SUP-003,2024-03-01,0.7537095879669282,86.90590768977827,Turkey,0.75,0.2447541008108801,Medium Risk
SUP-004,2024-03-01,0.972796455021054,92.83364890082208,India,0.45,0.0894901751868263,Low Risk
SUP-005,2024-03-01,0.8527641955961555,96.54990329647916,Vietnam,0.4,0.12178154714757386,Low Risk
SUP-006,2024-03-01,0.9819971565704808,88.23731541245265,Taiwan,0.7,0.13103336018724673,Low Risk
SUP-007,2024-03-01,0.9812687945014208,94.343357137285,USA,0.35,0.06888393535657814,Low Risk
SUP-008,2024-03-01,0.9547222693121664,86.28021197490652,Vietnam,0.4,0.12211402492244579,Low Risk
SUP-009,2024-03-01,0.8206677340967006,85.77522581752912,Turkey,0.75,0.2197110034776037,Medium Risk
SUP-010,2024-03-01,0.842423454864462,92.97031947352222,India,0.45,0.1475430076801421,Low Risk
SUP-011,2024-03-01,0.9542728011640456,93.1095268241516,Germany,0.25,0.0765843687674973,Low Risk
SUP-012,2024-03-01,0.8260612812375067,94.5614485224731,Turkey,0.75,0.17774590509199306,Low Risk
SUP-013,2024-03-01,0.7906782592046622,95.89137000583992,Turkey,0.75,0.18768361833162242,Low Risk
SUP-014,2024-03-01,0.8836323029900041,99.63778119193802,USA,0.35,0.0889954482907771,Low Risk
SUP-015,2024-03-01,0.9746771457985874,92.74450522451792,Brazil,0.65,0.109045010880305,Low Risk
SUP-016,2024-03-01,0.9170471512019936,89.84434709411869,India,0.45,0.12802922003556874,Low Risk
SUP-017,2024-03-01,0.8868146808214477,96.92779292153055,Mexico,0.55,0.11975832548346108,Low Risk
SUP-018,2024-03-01,0.7733223585049844,89.06248376893112,Turkey,0.75,0.22622376171256703,Medium Risk
SUP-019,2024-03-01,0.8976017344078007,91.58457131058454,Brazil,0.65,0.1489486486188593,Low Risk
SUP-020,2024-03-01,0.9876129240250232,86.17684572013398,Mexico,0.55,0.12277837844813662,Low Risk
SUP-021,2024-03-01,0.7836201636567658,85.38026115123186,India,0.45,0.20815975117391203,Medium Risk
SUP-022,2024-03-01,0.8743991165672969,99.43972622016888,China,0.85,0.14404162955395647,Low Risk
SUP-023,2024-03-01,0.9605695372627092,97.53970180768307,Taiwan,0.7,0.09881505009720701,Low Risk
SUP-024,2024-03-01,0.927784468261009,95.43961309140548,Brazil,0.65,0.11801873037122132,Low Risk
SUP-025,2024-03-01,0.9172837778388644,91.13429416621403,South Korea,0.5,0.12711797622454785,Low Risk
SUP-026,2024-03-01,0.9185961801569064,87.5994148010627,China,0.85,0.17743435232461002,Low Risk
SUP-027,2024-03-01,0.8362778762927412,87.34655564006628,Taiwan,0.7,0.2006154552879682,Medium Risk
SUP-028,2024-03-01,0.8204620426234784,88.75364347246892,USA,0.35,0.16640068519332454,Low Risk
SUP-029,2024-03-01,0.9442466773148432,93.2383999705918,Vietnam,0.4,0.09551619534065744,Low Risk
SUP-030,2024-03-01,0.9444272147230034,95.71893884050094,Germany,0.25,0.06927252859239422,Low Risk
SUP-031,2024-03-01,0.9580973564592248,94.90296065076598,South Korea,0.5,0.09179286666490195,Low Risk
SUP-032,2024-03-01,0.9691777326135532,89.19900845418914,USA,0.35,0.0974744822800499,Low Risk
SUP-033,2024-03-01,0.872722175726625,99.32297920994792,India,0.45,0.10532161447825314,Low Risk
SUP-034,2024-03-01,0.8703639107249279,92.42978382415129,USA,0.35,0.12740221296510162,Low Risk
SUP-035,2024-03-01,0.941590842952026,93.315310787671,Vietnam,0.4,0.09636522212706886,Low Risk
SUP-036,2024-03-01,0.9059913433866637,94.17581119351529,India,0.45,0.11351274510518256,Low Risk
SUP-037,2024-03-01,0.9184720505418488,91.29400093641684,South Korea,0.5,0.12586457304229226,Low Risk
SUP-038,2024-03-01,0.9409902406646642,88.71596484251737,Vietnam,0.4,0.11733254990957297,Low Risk
SUP-039,2024-03-01,0.963601282036216,90.33959017976892,Mexico,0.55,0.11485126727474271,Low Risk
SUP-040,2024-03-01,0.8311188376443686,96.36769165696552,Germany,0.25,0.11734191060368934,Low Risk
SUP-041,2024-03-01,0.8401399086335866,85.21590232944634,South Korea,0.5,0.18846548063237756,Low Risk
SUP-042,2024-03-01,0.7725556655618085,86.74108960760374,Mexico,0.55,0.21701504726296933,Medium Risk
SUP-043,2024-03-01,0.8887872338390818,85.6900396303263,Taiwan,0.7,0.18444056643594486,Low Risk
SUP-044,2024-03-01,0.7586261457112181,85.61093203478455,South Korea,0.5,0.2233690402734213,Medium Risk
SUP-045,2024-03-01,0.8706978338170739,97.8319087601651,Taiwan,0.7,0.13794238536157377,Low Risk
SUP-046,2024-03-01,0.8802347123298184,95.55486789070036,India,0.45,0.11889747394343006,Low Risk
SUP-047,2024-03-01,0.8187699005107882,92.11260743630989,Mexico,0.55,0.1720468113067508,Low Risk
SUP-048,2024-03-01,0.8917999825365626,86.46751240976502,Germany,0.25,0.13458620201460425,Low Risk
SUP-049,2024-03-01,0.7573200599853719,92.37423812675247,Vietnam,0.4,0.18352190143619654,Low Risk
SUP-050,2024-03-01,0.7589635652998115,92.10207656170849,Turkey,0.75,0.21900705108739665,Medium Risk
SUP-001,2024-03-31,0.7915684487784036,90.58027128689174,Vietnam,0.4,0.17618297725870555,Low Risk
SUP-002,2024-03-31,0.8541243958171135,96.64619441112995,Germany,0.25,0.1057361470322141,Low Risk
SUP-003,2024-03-31,0.8456411362553696,90.11205310379526,Turkey,0.75,0.18895724971800498,Low Risk
SUP-004,2024-03-31,0.897804023532532,98.96135988405346,India,0.45,0.09566206993212001,Low Risk
SUP-005,2024-03-31,0.9024224762082343,97.87619127764518,Vietnam,0.4,0.09346702495689127,Low Risk
SUP-006,2024-03-31,0.8706978338170739,91.43491041062528,Taiwan,0.7,0.16672887793450297,Low Risk
SUP-007,2024-03-31,0.8399070275103531,96.26306601687246,USA,0.35,0.12385804054441507,Low Risk
SUP-008,2024-03-31,0.9002063797714167,96.31814311127025,Vietnam,0.4,0.10147548510214636,Low Risk
SUP-009,2024-03-31,0.8707527020592211,86.54685803253899,Turkey,0.75,0.19370042292692508,Low Risk
SUP-010,2024-03-31,0.9555575618851974,98.5382936001935,India,0.45,0.07157677595079047,Low Risk
SUP-011,2024-03-31,0.9080864715885468,92.57878558671786,Germany,0.25,0.09975655264492356,Low Risk
SUP-012,2024-03-31,0.7891042624995431,97.39686199161612,Turkey,0.75,0.18161720291293304,Low Risk
SUP-013,2024-03-31,0.7669364993761032,89.80074401545917,Turkey,0.75,0.22577522721118728,Medium Risk
SUP-014,2024-03-31,0.9041806267695156,98.432848427443,USA,0.35,0.08517090003022443,Low Risk
SUP-015,2024-03-31,0.7563627145299893,90.83802518101244,Brazil,0.65,0.21586566514694888,Medium Risk
SUP-016,2024-03-31,0.8905861395056311,85.16256477220448,India,0.45,0.16100469574754586,Low Risk
SUP-017,2024-03-31,0.8706978338170739,98.58072964628896,Mexico,0.55,0.11957269137401647,Low Risk
SUP-018,2024-03-31,0.8881138026902109,92.42978382415129,Turkey,0.75,0.15941476158072432,Low Risk
SUP-019,2024-03-31,0.8431607822895653,89.78970456385622,Brazil,0.65,0.18152397743234264,Low Risk
SUP-020,2024-03-31,0.9043891724261648,99.25092950576207,Mexico,0.55,0.10139568963229652,Low Risk
SUP-021,2024-03-31,0.8599806937179639,99.25910720406334,India,0.45,0.1113427054086312,Low Risk
SUP-022,2024-03-31,0.8809480294358244,93.6015683218493,China,0.85,0.16736632930555717,Low Risk
SUP-023,2024-03-31,0.975951554106366,94.477558182547,Taiwan,0.7,0.1056727888306738,Low Risk
SUP-024,2024-03-31,0.8426646330721859,91.7266828296748,Brazil,0.65,0.17303084238397975,Low Risk
SUP-025,2024-03-31,0.8706978338170739,89.39816157547097,South Korea,0.5,0.15589424769269739,Low Risk
SUP-026,2024-03-31,0.9672841540694552,89.92996818054874,China,0.85,0.14503727385627585,Low Risk
SUP-027,2024-03-31,0.7969898723494312,95.08777684115556,Taiwan,0.7,0.18345956165755595,Low Risk
SUP-028,2024-03-31,0.7666467122100397,96.2856179415652,USA,0.35,0.15672369876843872,Low Risk
SUP-029,2024-03-31,0.7741867203305824,96.87368565588773,Vietnam,0.4,0.15568439039974313,Low Risk
SUP-030,2024-03-31,0.7543732381563719,96.84427214191832,Germany,0.25,0.1497328181910002,Low Risk
SUP-031,2024-03-31,0.7726663105814228,86.36809154573035,South Korea,0.5,0.21364374828257315,Medium Risk
SUP-032,2024-03-31,0.9139216256199256,92.41630457053871,USA,0.35,0.10786189790360928,Low Risk
SUP-033,2024-03-31,0.7670852756304549,85.86338140024966,India,0.45,0.21342640966517182,Medium Risk
SUP-034,2024-03-31,0.8265541512705027,93.24293323485604,USA,0.35,0.1434574323714216,Low Risk
SUP-035,2024-03-31,0.952770074632669,91.62295752060064,Vietnam,0.4,0.09895015757259608,Low Risk
SUP-036,2024-03-31,0.7555852645765982,98.31556274137448,India,0.45,0.16256659860434566,Low Risk
SUP-037,2024-03-31,0.9454724358213444,90.2637251882812,South Korea,0.5,0.11835064053312962,Low Risk
SUP-038,2024-03-31,0.817645145945616,86.75600524641409,Vietnam,0.4,0.1816576607156094,Low Risk
SUP-039,2024-03-31,0.7783595586291975,87.14487523079254,Mexico,0.55,0.21258626007829473,Medium Risk
SUP-040,2024-03-31,0.9172169196873962,92.42978382415129,Germany,0.25,0.09631835893199092,Low Risk
SUP-041,2024-03-31,0.9009462832271722,94.27327094974392,South Korea,0.5,0.1203444532739249,Low Risk
SUP-042,2024-03-31,0.9605932832464928,86.51684014184185,Mexico,0.55,0.1334072419007899,Low Risk
SUP-043,2024-03-31,0.9264170505129324,86.26160209172497,Taiwan,0.7,0.16493511785641807,Low Risk
SUP-044,2024-03-31,0.9428354232923636,95.5145369718868,South Korea,0.5,0.0959086431449458,Low Risk
SUP-045,2024-03-31,0.8176882974171136,86.0914450954629,Taiwan,0.7,0.21462876323271585,Medium Risk
SUP-046,2024-03-31,0.7925854905071334,97.32790088935536,India,0.45,0.1503609752696908,Low Risk
SUP-047,2024-03-31,0.930147540393806,95.59363340734744,Mexico,0.55,0.10626225648972382,Low Risk
SUP-048,2024-03-31,0.9436403374241432,86.2202317096285,Germany,0.25,0.11237080546580736,Low Risk
SUP-049,2024-03-31,0.8706978338170739,86.27256571127788,Vietnam,0.4,0.1599594290815663,Low Risk
SUP-050,2024-03-31,0.8490282424587423,92.42978382415129,Turkey,0.75,0.17700326368488517,Low Risk
SUP-001,2024-04-30,0.8398249909814689,89.16071774471699,Vietnam,0.4,0.16085552420711255,Low Risk
SUP-002,2024-04-30,0.8389541152960538,87.82181739585641,Germany,0.25,0.15227246983542192,Low Risk
SUP-003,2024-04-30,0.9450718961418006,91.95547607409974,Turkey,0.75,0.13591800440274088,Low Risk
SUP-004,2024-04-30,0.977339658572126,90.3002834203908,India,0.45,0.0988458782507847,Low Risk
SUP-005,2024-04-30,0.986640255317489,93.75484167776308,Vietnam,0.4,0.07411509755719611,Low Risk
SUP-006,2024-04-30,0.930810764462146,86.16601955447477,Taiwan,0.7,0.16338806799689787,Low Risk
SUP-007,2024-04-30,0.8403023005274197,99.6159221149925,USA,0.35,0.10859231524519486,Low Risk
SUP-008,2024-04-30,0.7700401720076805,99.79316116719404,Vietnam,0.4,0.1444126973441706,Low Risk
SUP-009,2024-04-30,0.9365152598225848,95.47242571029618,Turkey,0.75,0.12394221738350404,Low Risk
SUP-010,2024-04-30,0.8840170199365932,93.0414454951618,India,0.45,0.12850583630030496,Low Risk
SUP-011,2024-04-30,0.8518132822192743,89.64291424429491,Germany,0.25,0.13829090890199944,Low Risk
SUP-012,2024-04-30,0.9675250524227366,92.42978382415129,Turkey,0.75,0.12367969920108776,Low Risk
SUP-013,2024-04-30,0.7766873957534763,95.2709675883082,Turkey,0.75,0.19677131776354878,Low Risk
SUP-014,2024-04-30,0.8682300250298062,87.43925409017336,USA,0.35,0.15081984533080706,Low Risk
SUP-015,2024-04-30,0.7527248747441806,98.66390776740764,Brazil,0.65,0.18228622141178438,Low Risk
SUP-016,2024-04-30,0.8624785540785903,97.33805864384752,India,0.45,0.11886338676732056,Low Risk
SUP-017,2024-04-30,0.7635127861636409,99.24699869937886,Mexico,0.55,0.1648077520791567,Low Risk
SUP-018,2024-04-30,0.7785162999043372,95.8857926258254,Turkey,0.75,0.19318159822683395,Low Risk
SUP-019,2024-04-30,0.7782062992265052,94.20122793903684,Brazil,0.65,0.19090163962240692,Low Risk
SUP-020,2024-04-30,0.9058104725078552,91.27364554435928,Mexico,0.55,0.1366538824218484,Low Risk
SUP-021,2024-04-30,0.9290507710237016,98.9909272503102,India,0.45,0.08146798041293843,Low Risk
SUP-022,2024-04-30,0.8900085036233183,97.99095834250612,China,0.85,0.14353686082822925,Low Risk
SUP-023,2024-04-30,0.98092141163389,85.67828005159284,Taiwan,0.7,0.14303310453258172,Low Risk
SUP-024,2024-04-30,0.8399689390856889,85.39550461745878,Brazil,0.65,0.20273420663287545,Medium Risk
SUP-025,2024-04-30,0.8185709007076466,90.64695050317074,South Korea,0.5,0.1737318174172907,Low Risk
SUP-026,2024-04-30,0.9584637907654704,97.1582999617275,China,0.85,0.11647894432776462,Low Risk
SUP-027,2024-04-30,0.8036630012446686,99.80914193972416,Taiwan,0.7,0.15921051071114042,Low Risk
SUP-028,2024-04-30,0.9811734094657468,87.25625336655293,USA,0.35,0.10081882559092575,Low Risk
SUP-029,2024-04-30,0.752917073925556,93.91196073028205,Vietnam,0.4,0.1785834934472306,Low Risk
SUP-030,2024-04-30,0.9827709184098332,90.71336284946533,Germany,0.25,0.07454295389298107,Low Risk
SUP-031,2024-04-30,0.7603583788681383,99.54871596721904,South Korea,0.5,0.1598695076568521,Low Risk
SUP-032,2024-04-30,0.9638743472875372,97.63178384703563,USA,0.35,0.061913516408947905,Low Risk
SUP-033,2024-04-30,0.876648266180712,97.57493057066706,India,0.45,0.11142109265067782,Low Risk
SUP-034,2024-04-30,0.988311551068632,92.03039739692456,USA,0.35,0.07612301373295509,Low Risk
SUP-035,2024-04-30,0.7677111755364957,91.22229253506498,Vietnam,0.4,0.18402965460078455,Low Risk
SUP-036,2024-04-30,0.882925028256317,89.1011060789606,India,0.45,0.14672875992933465,Low Risk
SUP-037,2024-04-30,0.9826326085485836,85.84563244976391,South Korea,0.5,0.12150998012919981,Low Risk
SUP-038,2024-04-30,0.8755434826008357,92.42978382415129,Vietnam,0.4,0.13007140562094316,Low Risk
SUP-039,2024-04-30,0.901055673152463,97.19351513695116,Mexico,0.55,0.11215412896511143,Low Risk
SUP-040,2024-04-30,0.916979685356308,99.99576509929196,Germany,0.25,0.06237819864284759,Low Risk
SUP-041,2024-04-30,0.8706978338170739,99.9495525561086,South Korea,0.5,0.10841298827982805,Low Risk
SUP-042,2024-04-30,0.9006139392201752,93.3314755840394,Mexico,0.55,0.12973208722274393,Low Risk
SUP-043,2024-04-30,0.890235434861544,96.53481122770764,Taiwan,0.7,0.1349874037876208,Low Risk
SUP-044,2024-04-30,0.9662779225178372,99.17148594823642,South Korea,0.5,0.06890324809990936,Low Risk
SUP-045,2024-04-30,0.7609071312819499,97.74471086016118,Taiwan,0.7,0.18774059205239724,Low Risk
SUP-046,2024-04-30,0.8174311655021352,88.71022152614796,India,0.45,0.17795997865637334,Low Risk
SUP-047,2024-04-30,0.978098756178374,91.7581620296514,Mexico,0.55,0.10194383058630038,Low Risk
SUP-048,2024-04-30,0.96366330813382,86.93739122727243,Germany,0.25,0.10013325081705507,Low Risk
SUP-049,2024-04-30,0.8593576206685711,99.31076540888084,Vietnam,0.4,0.10639062635917922,Low Risk
SUP-050,2024-04-30,0.8988318234723688,94.0926195167632,Turkey,0.75,0.14710889161199966,Low Risk
SUP-001,2024-05-30,0.8048742733208311,87.72820126598717,Vietnam,0.4,0.18302967130868378,Low Risk
SUP-002,2024-05-30,0.9112081642574056,90.18500924985796,Germany,0.25,0.10912378445980672,Low Risk
SUP-003,2024-05-30,0.898350777709895,98.45182614859016,Turkey,0.75,0.12770893236189151,Low Risk
SUP-004,2024-05-30,0.8359590523278817,92.10942460394308,India,0.45,0.1543260157347094,Low Risk
SUP-005,2024-05-30,0.7772538221279109,95.0133660778154,Vietnam,0.4,0.16267563269227076,Low Risk
SUP-006,2024-05-30,0.911177566942272,87.58479806802444,Taiwan,0.7,0.16583850356986762,Low Risk
SUP-007,2024-05-30,0.8706978338170739,87.88433528213007,USA,0.35,0.14770646601273146,Low Risk
SUP-008,2024-05-30,0.9353564140165536,85.61302924399719,Vietnam,0.4,0.13383098209456357,Low Risk
SUP-009,2024-05-30,0.8748392402668784,87.53402594608247,Turkey,0.75,0.18741922512253364,Low Risk
SUP-010,2024-05-30,0.9545235600764496,89.17885508547938,India,0.45,0.1141595500809405,Low Risk
SUP-011,2024-05-30,0.8824576413058766,87.6551572641512,Germany,0.25,0.13344585372367518,Low Risk
SUP-012,2024-05-30,0.8846251131684927,86.33053800635584,Turkey,0.75,0.18843127804557702,Low Risk
SUP-013,2024-05-30,0.9603968646380028,86.809538066509,Turkey,0.75,0.15217848961360825,Low Risk
SUP-014,2024-05-30,0.8468358878909753,91.91168152049087,USA,0.35,0.1403212836068522,Low Risk
SUP-015,2024-05-30,0.7821636548281538,88.0950057760869,Brazil,0.65,0.21659882933493982,Medium Risk
SUP-016,2024-05-30,0.7569078423152014,90.46404791572112,India,0.45,0.19730325533741436,Low Risk
SUP-017,2024-05-30,0.9312329413616686,92.55125906282284,Mexico,0.55,0.11946451060454641,Low Risk
SUP-018,2024-05-30,0.8988742923248315,95.35592242944048,Turkey,0.75,0.14140491752134365,Low Risk
SUP-019,2024-05-30,0.9189791443438136,85.58968209761649,Brazil,0.65,0.16630581560600968,Low Risk
SUP-020,2024-05-30,0.8706978338170739,96.99115598363564,Mexico,0.55,0.1267257728559564,Low Risk
SUP-021,2024-05-30,0.5795711198091483,72.56331381085099,India,0.45,0.35765808393705384,Medium Risk
SUP-022,2024-05-30,0.7534907197602917,92.42978382415129,China,0.85,0.22999514889918793,Medium Risk
SUP-023,2024-05-30,0.8341410141135832,92.42978382415129,Taiwan,0.7,0.17870251644020674,Low Risk
SUP-024,2024-05-30,0.891580244845112,98.8130860079772,Brazil,0.65,0.1191300027838022,Low Risk
SUP-025,2024-05-30,0.8441385708239357,85.91616939782296,South Korea,0.5,0.18351488083902562,Low Risk
SUP-026,2024-05-30,0.8549939812856949,89.15316472220806,China,0.85,0.19906346717150103,Low Risk
SUP-027,2024-05-30,0.6938940866550738,80.02964829886646,Taiwan,0.7,0.2976142436603177,Medium Risk
SUP-028,2024-05-30,0.833581312085592,96.22389535575488,USA,0.35,0.12688088046058665,Low Risk
SUP-029,2024-05-30,0.8733574773983546,87.76781529034567,Vietnam,0.4,0.15203396636418498,Low Risk
SUP-030,2024-05-30,0.9380767230578744,88.14023985005065,Germany,0.25,0.1062343952987286,Low Risk
SUP-031,2024-05-30,0.8451702677571048,90.55708154187072,South Korea,0.5,0.1621665125708846,Low Risk
SUP-032,2024-05-30,0.8993008080546896,92.26784477786532,USA,0.35,0.11510933487499578,Low Risk
SUP-033,2024-05-30,0.6634144141898559,92.42978382415129,India,0.45,0.23052948640588405,Medium Risk
SUP-034,2024-05-30,0.977884949677834,90.5337045935466,USA,0.35,0.08755010197401497,Low Risk
SUP-035,2024-05-30,0.7852976354229692,91.93802074199722,Vietnam,0.4,0.17289497072067642,Low Risk
SUP-036,2024-05-30,0.8706978338170739,96.21206407200634,India,0.45,0.12023168645828822,Low Risk
SUP-037,2024-05-30,0.8681079103390892,85.55024804335896,South Korea,0.5,0.1743753241522945,Low Risk
SUP-038,2024-05-30,0.81197865319175,88.78655416516031,Vietnam,0.4,0.1750701123204911,Low Risk
SUP-039,2024-05-30,0.8601925814971827,95.70024378826828,Mexico,0.55,0.13726224127906056,Low Risk
SUP-040,2024-05-30,0.9852078180685144,98.428102565308,Germany,0.25,0.03873002032528253,Low Risk
SUP-041,2024-05-30,0.8682283425582887,92.675161631735,South Korea,0.5,0.14225901850596262,Low Risk
SUP-042,2024-05-30,0.673101425178796,83.94063983691379,Mexico,0.55,0.27437147940342976,Medium Risk
SUP-043,2024-05-30,0.9020162050360142,86.60758017009664,Taiwan,0.7,0.1743585969683587,Low Risk
SUP-044,2024-05-30,0.8076349485067663,91.71118550235182,South Korea,0.5,0.17386393841137196,Low Risk
SUP-045,2024-05-30,0.5515805654089879,78.5741903420485,Taiwan,0.7,0.3682048890267372,Medium Risk
SUP-046,2024-05-30,0.7809311332585558,88.63705755452095,India,0.45,0.19471423103830565,Low Risk
SUP-047,2024-05-30,0.7807310013498654,89.03864846424071,Mexico,0.55,0.2029971313034774,Medium Risk
SUP-048,2024-05-30,0.8706978338170739,90.65926244656934,Germany,0.25,0.1252192937727547,Low Risk
SUP-049,2024-05-30,0.7833185214358585,85.3010679666659,Vietnam,0.4,0.20365185950386716,Medium Risk
SUP-050,2024-05-30,0.9038099387527716,89.83118748374767,Turkey,0.75,0.1640451838843883,Low Risk
SUP-001,2024-06-29,0.8171949824784682,97.24899159207364,Vietnam,0.4,0.13464179572035792,Low Risk
SUP-002,2024-06-29,0.9346783039660648,91.58702362855328,Germany,0.25,0.09225315688678107,Low Risk
SUP-003,2024-06-29,0.7948904996538056,90.65416644137362,Turkey,0.75,0.2093555261696062,Medium Risk
SUP-004,2024-06-29,0.8276830167370185,91.9401967850441,India,0.45,0.15881175693564328,Low Risk
SUP-005,2024-06-29,0.85210474526794,89.52066811246213,Vietnam,0.4,0.15370985812334742,Low Risk
SUP-006,2024-06-29,0.8718264908842692,96.21414070264376,Taiwan,0.7,0.14471444594018196,Low Risk
SUP-007,2024-06-29,0.8081783357796193,92.5408058513872,USA,0.35,0.15488612256792889,Low Risk
SUP-008,2024-06-29,0.7775608379374088,88.48319042720226,Vietnam,0.4,0.19192326600575585,Low Risk
SUP-009,2024-06-29,0.8965488101859918,98.49361859911852,Turkey,0.75,0.1283317517202704,Low Risk
SUP-010,2024-06-29,0.8192713327776614,90.75836832059817,India,0.45,0.16791524280736062,Low Risk
SUP-011,2024-06-29,0.889497173141427,93.15329291670984,Germany,0.25,0.1055364539611636,Low Risk
SUP-012,2024-06-29,0.7870470516658086,98.5970816644682,Turkey,0.75,0.1771419592602792,Low Risk
SUP-013,2024-06-29,0.8654736244451562,94.36356993870989,Turkey,0.75,0.16090080427548523,Low Risk
SUP-014,2024-06-29,0.8778214638123806,86.75347061062546,USA,0.35,0.14958972353661418,Low Risk
SUP-015,2024-06-29,0.7624376488373824,99.09748185420212,Brazil,0.65,0.17596438967926836,Low Risk
SUP-016,2024-06-29,0.830785026766541,94.41562079607128,India,0.45,0.14627644437273585,Low Risk
SUP-017,2024-06-29,0.7822595224653538,90.02358421985629,Mexico,0.55,0.19787708590123748,Low Risk
SUP-018,2024-06-29,0.7652099929134643,87.08908108995081,Turkey,0.75,0.23875463828416243,Medium Risk
SUP-019,2024-06-29,0.9875904557735868,96.91037783905443,Brazil,0.65,0.084487594626141,Low Risk
SUP-020,2024-06-29,0.8273649227939335,94.3010913389277,Mexico,0.55,0.15833087371755528,Low Risk
SUP-021,2024-06-29,0.9443698670051124,93.00191637964484,India,0.45,0.10152493613929764,Low Risk
SUP-022,2024-06-29,0.8111137571433034,98.40838874576436,China,0.85,0.17716105992957393,Low Risk
SUP-023,2024-06-29,0.913560653333743,96.82895816836796,Taiwan,0.7,0.1231673942421598,Low Risk
SUP-024,2024-06-29,0.9324546863735248,87.27512319599127,Brazil,0.65,0.15265733674995313,Low Risk
SUP-025,2024-06-29,0.8929532977458826,89.67583101693322,South Korea,0.5,0.14462977643815336,Low Risk
SUP-026,2024-06-29,0.863178285252038,88.72733709721699,China,0.85,0.19729675469910646,Low Risk
SUP-027,2024-06-29,0.8488418193953444,96.15919438859017,Taiwan,0.7,0.15530480652343925,Low Risk
SUP-028,2024-06-29,0.8337283839703189,85.50298652103669,USA,0.35,0.1750587878686914,Low Risk
SUP-029,2024-06-29,0.9730869946194782,93.54834527306974,Vietnam,0.4,0.08114329869242096,Low Risk
SUP-030,2024-06-29,0.949348657869055,96.43688028611037,Germany,0.25,0.06382714267142858,Low Risk
SUP-031,2024-06-29,0.981606458559963,98.15148455142624,South Korea,0.5,0.06659541316659859,Low Risk
SUP-032,2024-06-29,0.7798313336365308,90.1312262307386,USA,0.35,0.17848538182523743,Low Risk
SUP-033,2024-06-29,0.9254081940488746,97.3188595700802,India,0.45,0.09063144461264548,Low Risk
SUP-034,2024-06-29,0.9752017096370492,86.65947605432811,USA,0.35,0.10619158841885135,Low Risk
SUP-035,2024-06-29,0.7934959358797584,97.69678437601776,Vietnam,0.4,0.1432912991620288,Low Risk
SUP-036,2024-06-29,0.7659591041680266,86.91232993497974,India,0.45,0.20921291841697923,Medium Risk
SUP-037,2024-06-29,0.9278689558296142,90.9593093584055,South Korea,0.5,0.12314207776384888,Low Risk
SUP-038,2024-06-29,0.8878735471631789,96.95943048669332,Vietnam,0.4,0.10413946658644956,Low Risk
SUP-039,2024-06-29,0.9520389064219852,87.24876141023161,Mexico,0.55,0.13396306576406442,Low Risk
SUP-040,2024-06-29,0.7835453703903095,88.43877092848962,Germany,0.25,0.17443011414615744,Low Risk
SUP-041,2024-06-29,0.9408641548463736,95.833788525896,South Korea,0.5,0.09535908195259986,Low Risk
SUP-042,2024-06-29,0.7983905568114587,95.80054804819112,Mexico,0.55,0.1646217832179836,Low Risk
SUP-043,2024-06-29,0.7892774262877691,94.61721449327946,Taiwan,0.7,0.1890476929507463,Low Risk
SUP-044,2024-06-29,0.7894237915034383,95.4092266670065,South Korea,0.5,0.16541777382192352,Low Risk
SUP-045,2024-06-29,0.9454979328555316,93.14086665021394,Taiwan,0.7,0.12539203028904805,Low Risk
SUP-046,2024-06-29,0.909647332967088,88.7769858836043,India,0.45,0.13616226368859108,Low Risk
SUP-047,2024-06-29,0.8755357019445886,90.1854399025588,Mexico,0.55,0.15517445456342055,Low Risk
SUP-048,2024-06-29,0.8361193161896406,87.72396575202139,Germany,0.25,0.1539884618305655,Low Risk
SUP-049,2024-06-29,0.960528129795146,92.42978382415129,Vietnam,0.4,0.0918283143835035,Low Risk
SUP-050,2024-06-29,0.8441868257814324,93.7508769214918,Turkey,0.75,0.1732369822516423,Low Risk
SUP-001,2024-07-29,0.8462043400232736,90.4359084867495,Vietnam,0.4,0.15224645879915416,Low Risk
SUP-002,2024-07-29,0.8608813928745919,93.70882525417063,Germany,0.25,0.1159136595626658,Low Risk
SUP-003,2024-07-29,0.9773480015068357,94.48396431879296,Turkey,0.75,0.11001555988735566,Low Risk
SUP-004,2024-07-29,0.7868043367478592,85.19641684882501,India,0.45,0.20755417264375084,Medium Risk
SUP-005,2024-07-29,0.8906951596840313,94.95306058025066,Vietnam,0.4,0.11189840553105794,Low Risk
SUP-006,2024-07-29,0.8714132829322718,87.67053950304627,Taiwan,0.7,0.18334659491676944,Low Risk
SUP-007,2024-07-29,0.8967490165043155,92.42978382415129,USA,0.35,0.11552891536437723,Low Risk
SUP-008,2024-07-29,0.7543464441170017,87.2299409162967,Vietnam,0.4,0.2080093660240141,Medium Risk
SUP-009,2024-07-29,0.9593097381465964,91.21936185590536,Turkey,0.75,0.13282348948245754,Low Risk
SUP-010,2024-07-29,0.9737083877960668,86.28024502117965,India,0.45,0.11857012289646146,Low Risk
SUP-011,2024-07-29,0.8856319640614101,99.9531137776892,Germany,0.25,0.07667660417276409,Low Risk
SUP-012,2024-07-29,0.917196197730454,92.53292515496864,Turkey,0.75,0.14586354782393685,Low Risk
SUP-013,2024-07-29,0.9713998514825508,93.93077525980064,Turkey,0.75,0.11518157816374928,Low Risk
SUP-014,2024-07-29,0.9197372722352156,86.00614716082642,USA,0.35,0.1340905652704341,Low Risk
SUP-015,2024-07-29,0.7866093702994227,96.24940705598766,Brazil,0.65,0.17790345161331533,Low Risk
SUP-016,2024-07-29,0.8883092064400352,88.14858389643379,India,0.45,0.14859222956803209,Low Risk
SUP-017,2024-07-29,0.8956116111318855,98.4708143416107,Mexico,0.55,0.10885611045340338,Low Risk
SUP-018,2024-07-29,0.8517913611125727,88.07709460723011,Turkey,0.75,0.1953469617668068,Low Risk
SUP-019,2024-07-29,0.9267466165499336,87.860315809955,Brazil,0.65,0.1525926014077324,Low Risk
SUP-020,2024-07-29,0.9742480835445636,85.54824501772143,Mexico,0.55,0.13162125982519995,Low Risk
SUP-021,2024-07-29,0.9721364430976264,92.08100417664998,India,0.45,0.09317408181114323,Low Risk
SUP-022,2024-07-29,0.8582014491369917,93.47261699893924,China,0.85,0.17818257139312715,Low Risk
SUP-023,2024-07-29,0.7771771310017812,85.98562959142528,Taiwan,0.7,0.2333349578877847,Medium Risk
SUP-024,2024-07-29,0.9863618877509605,96.63291425042516,Brazil,0.65,0.08628903638515457,Low Risk
SUP-025,2024-07-29,0.9513355407470242,91.7993325212204,South Korea,0.5,0.10880201031834727,Low Risk
SUP-026,2024-07-29,0.779919043488784,92.8658540399137,China,0.85,0.21614008725043554,Medium Risk
SUP-027,2024-07-29,0.9710020518281692,91.61144120407344,Taiwan,0.7,0.12079759125899336,Low Risk
SUP-028,2024-07-29,0.9587751268949108,91.01144591312988,USA,0.35,0.09399968628820568,Low Risk
SUP-029,2024-07-29,0.8745211337102573,93.39460496962327,Vietnam,0.4,0.1261897674670795,Low Risk
SUP-030,2024-07-29,0.891906104578783,87.32860368896068,Germany,0.25,0.13066353633922456,Low Risk
SUP-031,2024-07-29,0.8457606489288313,87.72892195742907,South Korea,0.5,0.17462755917359513,Low Risk
SUP-032,2024-07-29,0.7631427933172875,97.92678431520277,USA,0.35,0.1509152135888082,Low Risk
SUP-033,2024-07-29,0.8304473379950162,99.19173193200449,India,0.45,0.12493590420822251,Low Risk
SUP-034,2024-07-29,0.9426848276635228,90.5996397441963,USA,0.35,0.10309344870253143,Low Risk
SUP-035,2024-07-29,0.7511116855211046,89.06117009715331,Vietnam,0.4,0.20122447607831304,Medium Risk
SUP-036,2024-07-29,0.8300398012058746,94.65999314858524,India,0.45,0.14551212028872285,Low Risk
SUP-037,2024-07-29,0.8455604864618264,91.13101256647144,South Korea,0.5,0.1594082245430567,Low Risk
SUP-038,2024-07-29,0.8789749447051015,85.38079533490517,Vietnam,0.4,0.16024769587563106,Low Risk
SUP-039,2024-07-29,0.9707653479390626,87.34228896049285,Mexico,0.55,0.12511529310520403,Low Risk
SUP-040,2024-07-29,0.8331230386478307,95.73958343271096,Germany,0.25,0.11926650716127687,Low Risk
SUP-041,2024-07-29,0.8332687684550947,94.88385912865228,South Korea,0.5,0.14805168811627217,Low Risk
SUP-042,2024-07-29,0.9270002995463396,85.40643988755225,Mexico,0.55,0.15352088571016204,Low Risk
SUP-043,2024-07-29,0.8585323058135537,88.32958242899424,Taiwan,0.7,0.18617734145342674,Low Risk
SUP-044,2024-07-29,0.8039051575055957,88.46612194882107,South Korea,0.5,0.19014513035278718,Low Risk
SUP-045,2024-07-29,0.8585854838718464,95.07839115398092,Taiwan,0.7,0.15578377206475502,Low Risk
SUP-046,2024-07-29,0.783805684891152,85.29565806631547,India,0.45,0.208456980500562,Medium Risk
SUP-047,2024-07-29,0.7923328767614936,86.56162872976861,Mexico,0.55,0.20892287617336913,Medium Risk
SUP-048,2024-07-29,0.8696082654574752,96.99874128059784,Germany,0.25,0.09718194478144587,Low Risk
SUP-049,2024-07-29,0.8505421078810915,87.678169930815,Vietnam,0.4,0.16270428676484133,Low Risk
SUP-050,2024-07-29,0.969563016256344,94.79119161777813,Turkey,0.75,0.11213628040464364,Low Risk
SUP-001,2024-08-28,0.8071638674512144,98.71448209840749,Vietnam,0.4,0.13256109020411985,Low Risk
SUP-002,2024-08-28,0.7738659342622428,86.76626624335212,Germany,0.25,0.1863121314869062,Low Risk
SUP-003,2024-08-28,0.808361325839869,92.42978382415129,Turkey,0.75,0.19530337616337817,Low Risk
SUP-004,2024-08-28,0.8706978338170739,89.1108283103081,India,0.45,0.1521872473859303,Low Risk
SUP-005,2024-08-28,0.9553671523455084,93.3126700377369,Vietnam,0.4,0.09017776627470522,Low Risk
SUP-006,2024-08-28,0.949252767496078,94.77130582527796,Taiwan,0.7,0.11636537841301406,Low Risk
SUP-007,2024-08-28,0.8453240471084291,97.44612705560804,USA,0.35,0.11609660705097069,Low Risk
SUP-008,2024-08-28,0.9103404327769552,88.09631907640905,Vietnam,0.4,0.13391336940652945,Low Risk
SUP-009,2024-08-28,0.7991962308997971,85.16493742987721,Turkey,0.75,0.2321194776606439,Medium Risk
SUP-010,2024-08-28,0.8203554552626432,87.05328445103211,India,0.45,0.1841002651021661,Low Risk
SUP-011,2024-08-28,0.9651205964450688,98.50027962772158,Germany,0.25,0.04744447327497192,Low Risk
SUP-012,2024-08-28,0.7531204616425766,92.42978382415129,Turkey,0.75,0.22016176505215973,Medium Risk
SUP-013,2024-08-28,0.7705220474050724,93.96119653255462,Turkey,0.75,0.20543969427122163,Medium Risk
SUP-014,2024-08-28,0.7998927012350465,92.42978382415129,USA,0.35,0.15911425723554826,Low Risk
SUP-015,2024-08-28,0.7563677289297167,94.97555011819384,Brazil,0.65,0.1972445464497552,Low Risk
SUP-016,2024-08-28,0.7935445044215513,87.63056917935174,India,0.45,0.1935674117032191,Low Risk
SUP-017,2024-08-28,0.889929974632726,98.7161791888744,Mexico,0.55,0.11030870506533845,Low Risk
SUP-018,2024-08-28,0.8511418921421995,91.2815578733811,Turkey,0.75,0.1812191381057953,Low Risk
SUP-019,2024-08-28,0.964241210658474,90.74707792374248,Brazil,0.65,0.12272960454684553,Low Risk
SUP-020,2024-08-28,0.946186454817226,92.78376557924256,Mexico,0.55,0.11168915022565686,Low Risk
SUP-021,2024-08-28,0.8320361644074903,85.70448950162583,India,0.45,0.18491352325931318,Low Risk
SUP-022,2024-08-28,0.8122616240235102,87.4942505313412,China,0.85,0.22575814179838505,Medium Risk
SUP-023,2024-08-28,0.841126177960144,96.07050424639556,Taiwan,0.7,0.1591759508091552,Low Risk
SUP-024,2024-08-28,0.8916707862035539,86.2419800188769,Brazil,0.65,0.1756592361234547,Low Risk
SUP-025,2024-08-28,0.8143352737974903,94.04728164199582,South Korea,0.5,0.16033635940214816,Low Risk
SUP-026,2024-08-28,0.8997957378837922,88.68023664521982,China,0.85,0.18103085304880434,Low Risk
SUP-027,2024-08-28,0.8482587965258976,92.42978382415129,Taiwan,0.7,0.17234951435466528,Low Risk
SUP-028,2024-08-28,0.8824913234044752,89.3304060515605,USA,0.35,0.13589207723596386,Low Risk
SUP-029,2024-08-28,0.854670366992476,90.33509074697425,Vietnam,0.4,0.1488904264920017,Low Risk
SUP-030,2024-08-28,0.8206717822900602,95.78568857776368,Germany,0.25,0.12466209936953632,Low Risk
SUP-031,2024-08-28,0.9776287936709176,89.45682573434763,South Korea,0.5,0.10751132704352273,Low Risk
SUP-032,2024-08-28,0.9332653905983426,93.49606960445344,USA,0.35,0.09429826101070538,Low Risk
SUP-033,2024-08-28,0.7836271621839486,92.1407560329865,India,0.45,0.17773437486878388,Low Risk
SUP-034,2024-08-28,0.9584323142154992,94.95506748043972,USA,0.35,0.07640765494104657,Low Risk
SUP-035,2024-08-28,0.8669834875798833,99.05244608987137,Vietnam,0.4,0.10412142318463136,Low Risk
SUP-036,2024-08-28,0.964692534454582,95.98858145815376,India,0.45,0.07893974293374614,Low Risk
SUP-037,2024-08-28,0.9419652614273556,88.22410567886135,South Korea,0.5,0.1291071568028139,Low Risk
SUP-038,2024-08-28,0.852051241072616,85.46774702591927,Vietnam,0.4,0.17197207990068616,Low Risk
SUP-039,2024-08-28,0.7553926339968282,88.93396066449738,Mexico,0.55,0.2148704917111891,Medium Risk
SUP-040,2024-08-28,0.814482566252387,93.92616896050382,Germany,0.25,0.13581508486415866,Low Risk
SUP-041,2024-08-28,0.8799922115186081,85.77138720226375,South Korea,0.5,0.1680322624064395,Low Risk
SUP-042,2024-08-28,0.9020347727582754,92.44549370801856,Mexico,0.55,0.1330796305726926,Low Risk
SUP-043,2024-08-28,0.8706978338170739,93.95264273375334,Taiwan,0.7,0.15539908248042675,Low Risk
SUP-044,2024-08-28,0.7834454577774778,92.42978382415129,South Korea,0.5,0.18151551679145422,Low Risk
SUP-045,2024-08-28,0.9503832568318318,96.56368305618732,Taiwan,0.7,0.1077909606728328,Low Risk
SUP-046,2024-08-28,0.9862565233688524,86.59897379700658,India,0.45,0.11148918239748681,Low Risk
SUP-047,2024-08-28,0.8761656437526446,86.12706672603713,Mexico,0.55,0.17315366004414284,Low Risk
SUP-048,2024-08-28,0.8706978338170739,95.92283134305404,Germany,0.25,0.10153323373857359,Low Risk
SUP-049,2024-08-28,0.8153537583646485,92.43236974309298,Vietnam,0.4,0.15714514489198977,Low Risk
SUP-050,2024-08-28,0.754413762371392,95.32603594641604,Turkey,0.75,0.2065466451740014,Medium Risk
SUP-001,2024-09-27,0.8543585612648991,95.87150157293142,Vietnam,0.4,0.12411689035260405,Low Risk
SUP-002,2024-09-27,0.8091364879773857,92.42978382415129,Germany,0.25,0.14495455320149564,Low Risk
SUP-003,2024-09-27,0.946584556241808,89.72935506745915,Turkey,0.75,0.14525485188762022,Low Risk
SUP-004,2024-09-27,0.941859810952555,93.09236938563006,India,0.45,0.10224742283601496,Low Risk
SUP-005,2024-09-27,0.9167271530050624,96.86084747258444,Vietnam,0.4,0.09159896752109195,Low Risk
SUP-006,2024-09-27,0.815314832935191,89.78128754398105,Taiwan,0.7,0.19909253123124931,Low Risk
SUP-007,2024-09-27,0.8916553600485809,94.38837064655512,USA,0.35,0.10900742006864056,Low Risk
SUP-008,2024-09-27,0.8366337352656065,98.2896662235428,Vietnam,0.4,0.12121132112453453,Low Risk
SUP-009,2024-09-27,0.7719796975983922,94.23794782273455,Turkey,0.75,0.20353837087841797,Medium Risk
SUP-010,2024-09-27,0.9701552581109384,88.4943921213045,India,0.45,0.11020536930420749,Low Risk
SUP-011,2024-09-27,0.7828364714205507,85.36601172334807,Germany,0.25,0.18857653510568587,Low Risk
SUP-012,2024-09-27,0.9780569649169926,98.05148310851396,Turkey,0.75,0.09364269179904054,Low Risk
SUP-013,2024-09-27,0.8570413855099094,85.31904116275581,Turkey,0.75,0.20539569128813967,Medium Risk
SUP-014,2024-09-27,0.7944319029212688,98.120525090263,USA,0.35,0.13596328077924555,Low Risk
SUP-015,2024-09-27,0.8800562273708059,92.93405701040818,Brazil,0.65,0.15077144113630053,Low Risk
SUP-016,2024-09-27,0.959507000610338,99.08601547769344,India,0.45,0.06733478007572745,Low Risk
SUP-017,2024-09-27,0.9257339727382948,92.42978382415129,Mexico,0.55,0.12248568505908654,Low Risk
SUP-018,2024-09-27,0.943574675486748,99.96901165800006,Turkey,0.75,0.10053084356996318,Low Risk
SUP-019,2024-09-27,0.908108008010572,90.26067723177565,Brazil,0.65,0.1501783488522522,Low Risk
SUP-020,2024-09-27,0.9161463754842846,96.50782433396692,Mexico,0.55,0.10844892152922082,Low Risk
SUP-021,2024-09-27,0.9538069563756766,91.02896370413865,India,0.45,0.10615653296232165,Low Risk
SUP-022,2024-09-27,0.8099203221262046,92.19813430455864,China,0.85,0.2056442506726941,Medium Risk
SUP-023,2024-09-27,0.8674619912743537,94.41258194827554,Taiwan,0.7,0.15478548515930085,Low Risk
SUP-024,2024-09-27,0.8030902660367045,98.10515671279508,Brazil,0.65,0.1621361750759051,Low Risk
SUP-025,2024-09-27,0.9870403219191952,99.76125203798942,South Korea,0.5,0.05690622096540975,Low Risk
SUP-026,2024-09-27,0.9765742415247872,96.52410120796776,China,0.85,0.11118313587799084,Low Risk
SUP-027,2024-09-27,0.7594624347284414,91.26650173251,Taiwan,0.7,0.21754264657590638,Medium Risk
SUP-028,2024-09-27,0.9193380414037652,91.32035503415604,USA,0.35,0.11035628371460349,Low Risk
SUP-029,2024-09-27,0.9720595961797598,96.06373452383338,Vietnam,0.4,0.0702863763618579,Low Risk
SUP-030,2024-09-27,0.7933380828305601,88.58165718652454,Germany,0.25,0.16938040538688753,Low Risk
SUP-031,2024-09-27,0.8863068553326311,86.65711169697092,South Korea,0.5,0.16120491246394691,Low Risk
SUP-032,2024-09-27,0.96971719142113,90.31933236461164,USA,0.35,0.09219026821973914,Low Risk
SUP-033,2024-09-27,0.7581470348605918,89.30858487481123,India,0.45,0.20194520237608315,Medium Risk
SUP-034,2024-09-27,0.9173808641392416,89.44462180683985,USA,0.35,0.11967781300656197,Low Risk
SUP-035,2024-09-27,0.8213637617694122,88.50411626574865,Vietnam,0.4,0.17211778400789562,Low Risk
SUP-036,2024-09-27,0.9718550868903671,85.63139784454543,India,0.45,0.12232392059888034,Low Risk
SUP-037,2024-09-27,0.9830539788396884,85.26810902100121,South Korea,0.5,0.12391921892763481,Low Risk
SUP-038,2024-09-27,0.9766239573872242,99.81583584604049,Vietnam,0.4,0.05134795786856692,Low Risk
SUP-039,2024-09-27,0.8638114119977913,91.41659700603792,Mexico,0.55,0.1549101780738233,Low Risk
SUP-040,2024-09-27,0.8706978338170739,90.76489970739524,Germany,0.25,0.12474392609903817,Low Risk
SUP-041,2024-09-27,0.9526918556484169,95.19470924039604,South Korea,0.5,0.09291247337643026,Low Risk
SUP-042,2024-09-27,0.8265841135783814,88.27380831797596,Mexico,0.55,0.18580501145883654,Low Risk
SUP-043,2024-09-27,0.9489397137961626,99.24941775925338,Taiwan,0.7,0.09635474887508663,Low Risk
SUP-044,2024-09-27,0.7588818323317182,96.79517521623328,South Korea,0.5,0.17292488697767705,Low Risk
SUP-045,2024-09-27,0.8931047708356927,86.3411650346839,Taiwan,0.7,0.17956761046786074,Low Risk
SUP-046,2024-09-27,0.8052021209490487,91.26371163677392,India,0.45,0.17197234320744548,Low Risk
SUP-047,2024-09-27,0.778936052586547,98.18677461343248,Mexico,0.55,0.1626382905756077,Low Risk
SUP-048,2024-09-27,0.7684687683910102,99.17098033437117,Germany,0.25,0.13291964271937518,Low Risk
SUP-049,2024-09-27,0.9171093062107536,92.01102266874804,Vietnam,0.4,0.1132512101957947,Low Risk
SUP-050,2024-09-27,0.8315699913043358,94.20117083816062,Turkey,0.75,0.1768882351413261,Low Risk
SUP-001,2024-10-27,0.7900881470620981,92.4271979052096,Vietnam,0.4,0.16853794324861274,Low Risk
SUP-002,2024-10-27,0.9878804702728744,92.20879865989971,Germany,0.25,0.0655141944076578,Low Risk
SUP-003,2024-10-27,0.8056012083320264,93.88611676989277,Turkey,0.75,0.18999193078607068,Low Risk
SUP-004,2024-10-27,0.9762556257924302,97.37021448887724,India,0.45,0.06751900319345885,Low Risk
SUP-005,2024-10-27,0.9059151957581684,90.2171381185329,Vietnam,0.4,0.12636104037542617,Low Risk
SUP-006,2024-10-27,0.8958568307709261,95.17024228838596,Taiwan,0.7,0.13859833585534637,Low Risk
SUP-007,2024-10-27,0.8730452426439621,93.48597945993689,USA,0.35,0.12144273324050106,Low Risk
SUP-008,2024-10-27,0.8053607548122621,89.00542405254131,Vietnam,0.4,0.17706325209804613,Low Risk
SUP-009,2024-10-27,0.792366727681322,98.17944979532736,Turkey,0.75,0.176627448464432,Low Risk
SUP-010,2024-10-27,0.8029166901768421,96.96139032410392,India,0.45,0.14736123296195347,Low Risk
SUP-011,2024-10-27,0.794745182914621,94.87677751987638,Germany,0.25,0.1404191688489768,Low Risk
SUP-012,2024-10-27,0.9371002736560208,97.75872593641364,Turkey,0.75,0.1133906101409293,Low Risk
SUP-013,2024-10-27,0.8340300622000152,98.00941301439704,Turkey,0.75,0.1586441134452065,Low Risk
SUP-014,2024-10-27,0.8706978338170739,95.62544465072553,USA,0.35,0.11287147385405191,Low Risk
SUP-015,2024-10-27,0.9825846312337948,97.55519992545509,Brazil,0.65,0.08383851628024447,Low Risk
SUP-016,2024-10-27,0.962108612391222,95.46207192503924,India,0.45,0.08247180076127353,Low Risk
SUP-017,2024-10-27,0.9726605479668512,95.2021115764045,Mexico,0.55,0.08889325132109671,Low Risk
SUP-018,2024-10-27,0.9887778774351444,94.27917067322775,Turkey,0.75,0.10579368712466013,Low Risk
SUP-019,2024-10-27,0.791734859812677,96.29074959336462,Brazil,0.65,0.17541093991415457,Low Risk
SUP-020,2024-10-27,0.845098084536638,87.3790765793961,Mexico,0.55,0.18150001735123045,Low Risk
SUP-021,2024-10-27,0.931977234168982,98.21306138798391,India,0.45,0.08365146837803047,Low Risk
SUP-022,2024-10-27,0.9170449483329102,98.07765291617848,China,0.85,0.13098033512738727,Low Risk
SUP-023,2024-10-27,0.7869350175215652,85.43870924551838,Taiwan,0.7,0.2314050505104629,Medium Risk
SUP-024,2024-10-27,0.9457999499977484,97.38725125847144,Brazil,0.65,0.10114739183789173,Low Risk
SUP-025,2024-10-27,0.8038657372407986,86.93304801210168,South Korea,0.5,0.1970617021871831,Low Risk
SUP-026,2024-10-27,0.8037162275574296,90.02678281388712,China,0.85,0.2182071749366647,Medium Risk
SUP-027,2024-10-27,0.8788738614944193,96.15262384437412,Taiwan,0.7,0.1418199550278278,Low Risk
SUP-028,2024-10-27,0.8923055843620087,87.41139844072462,USA,0.35,0.14011119405383526,Low Risk
SUP-029,2024-10-27,0.8892206898810746,97.26950536178592,Vietnam,0.4,0.10213791542547983,Low Risk
SUP-030,2024-10-27,0.7719568409754611,97.48201266936611,Germany,0.25,0.13895036454889498,Low Risk
SUP-031,2024-10-27,0.9605906070312912,92.61201600641256,South Korea,0.5,0.10098015480706247,Low Risk
SUP-032,2024-10-27,0.8137440102212894,85.09578807575251,USA,0.35,0.1858841490595335,Low Risk
SUP-033,2024-10-27,0.781083581107873,92.42978382415129,India,0.45,0.17757836129277635,Low Risk
SUP-034,2024-10-27,0.9632995391685544,94.25390377563612,USA,0.35,0.077372640383788,Low Risk
SUP-035,2024-10-27,0.9793563595751408,99.71779267041136,Vietnam,0.4,0.050559571174335564,Low Risk
SUP-036,2024-10-27,0.956910628143708,94.47720290525002,India,0.45,0.0892428042617063,Low Risk
SUP-037,2024-10-27,0.9442838579339708,88.8970537159624,South Korea,0.5,0.1250355222078823,Low Risk
SUP-038,2024-10-27,0.9072580753533652,94.51008554649415,Vietnam,0.4,0.10643848113176199,Low Risk
SUP-039,2024-10-27,0.8822057689461934,93.09978069573783,Mexico,0.55,0.13905839084339272,Low Risk
SUP-040,2024-10-27,0.7708768223787384,96.69768092726716,Germany,0.25,0.14296586575686548,Low Risk
SUP-041,2024-10-27,0.8480287711369677,86.60470958240438,South Korea,0.5,0.1786658598675448,Low Risk
SUP-042,2024-10-27,0.8394452440829554,96.41541853753044,Mexico,0.55,0.1433802567437831,Low Risk
SUP-043,2024-10-27,0.8123409081024783,93.11899868014166,Taiwan,0.7,0.18541109729324728,Low Risk
SUP-044,2024-10-27,0.9236208272852604,99.44488005788492,South Korea,0.5,0.08686866746115068,Low Risk
SUP-045,2024-10-27,0.869010176418905,90.1280824905803,Taiwan,0.7,0.17336904940388143,Low Risk
SUP-046,2024-10-27,0.7694510918178356,94.48932839700922,India,0.45,0.17354503089543252,Low Risk
SUP-047,2024-10-27,0.8028439684679547,98.98042158265028,Mexico,0.55,0.14830831706749414,Low Risk
SUP-048,2024-10-27,0.913982103278303,86.53764591986018,Germany,0.25,0.12428864688539284,Low Risk
SUP-049,2024-10-27,0.7682714062776721,99.05842730854675,Vietnam,0.4,0.14851494428658715,Low Risk
SUP-050,2024-10-27,0.9542896593717044,95.3182858345122,Turkey,0.75,0.11663736702742816,Low Risk
SUP-001,2024-11-26,0.7662808941852413,92.09814860037336,Vietnam,0.4,0.18073192891496132,Low Risk
SUP-002,2024-11-26,0.8222312560672359,99.52290141872082,Germany,0.25,0.10714287838550016,Low Risk
SUP-003,2024-11-26,0.9199613012748676,87.78288273554682,Turkey,0.75,0.1659944421163489,Low Risk
SUP-004,2024-11-26,0.7661641443525052,98.02934751933417,India,0.45,0.15909407120436891,Low Risk
SUP-005,2024-11-26,0.8897209104423056,96.64895279187613,Vietnam,0.4,0.10470530273751989,Low Risk
SUP-006,2024-11-26,0.8330119336687096,96.56382766966078,Taiwan,0.7,0.16060740533560713,Low Risk
SUP-007,2024-11-26,0.8990197242641945,97.6717484217533,USA,0.35,0.0909182561832226,Low Risk
SUP-008,2024-11-26,0.7609780881150031,96.415359864145,Vietnam,0.4,0.16369074095959613,Low Risk
SUP-009,2024-11-26,0.9591688334765704,94.39330482447124,Turkey,0.75,0.1186041532254227,Low Risk
SUP-010,2024-11-26,0.9836373526025752,86.96867316523581,India,0.45,0.11100416208528,Low Risk
SUP-011,2024-11-26,0.982530685268566,85.48789269236877,Germany,0.25,0.09816567451348582,Low Risk
SUP-012,2024-11-26,0.929916439618302,92.42978382415129,Turkey,0.75,0.14060357496308334,Low Risk
SUP-013,2024-11-26,0.7812206976313517,94.24975471781109,Turkey,0.75,0.19932678983574187,Low Risk
SUP-014,2024-11-26,0.9319831670229656,96.94805936464265,USA,0.35,0.07934130769877357,Low Risk
SUP-015,2024-11-26,0.7559008599501124,92.22283527268826,Brazil,0.65,0.2098418542953523,Medium Risk
SUP-016,2024-11-26,0.7553096523669593,86.75962283443592,India,0.45,0.21469235367990672,Medium Risk
SUP-017,2024-11-26,0.8276664525958899,86.87778688303825,Mexico,0.55,0.19160005535817742,Low Risk
SUP-018,2024-11-26,0.8672743656971198,95.28347930843456,Turkey,0.75,0.15595087854834058,Low Risk
SUP-019,2024-11-26,0.9348977802738704,91.45458842349194,Brazil,0.65,0.1327503509710446,Low Risk
SUP-020,2024-11-26,0.9139908903855612,88.00787090050505,Mexico,0.55,0.1476686802742247,Low Risk
SUP-021,2024-11-26,0.8570166495304196,92.37391820112155,India,0.45,0.14365987580626421,Low Risk
SUP-022,2024-11-26,0.8156703999075998,85.96313405612702,China,0.85,0.2311142167890085,Medium Risk
SUP-023,2024-11-26,0.9893098800378508,93.72957102871598,Taiwan,0.7,0.1030274843537452,Low Risk
SUP-024,2024-11-26,0.8522835125366335,89.03490106652646,Brazil,0.65,0.18081536455914585,Low Risk
SUP-025,2024-11-26,0.8583328858391222,96.96338650955782,South Korea,0.5,0.12741496207938482,Low Risk
SUP-026,2024-11-26,0.7892697170860006,89.6554293838536,China,0.85,0.22637919508395854,Medium Risk
SUP-027,2024-11-26,0.940754291699983,91.82830223622702,Taiwan,0.7,0.13343320867198605,Low Risk
SUP-028,2024-11-26,0.9164837341875572,85.17430809862151,USA,0.35,0.13929793317180245,Low Risk
SUP-029,2024-11-26,0.8029847070693025,86.08670331691839,Vietnam,0.4,0.19126671689268113,Low Risk
SUP-030,2024-11-26,0.7697714509478022,90.88740334610029,Germany,0.25,0.16960953201603776,Low Risk
SUP-031,2024-11-26,0.9133198324979312,92.19908252075685,South Korea,0.5,0.12411020403252514,Low Risk
SUP-032,2024-11-26,0.9070826914274724,94.00030822178957,USA,0.35,0.10381140185958437,Low Risk
SUP-033,2024-11-26,0.8155822864795702,89.37493868063954,India,0.45,0.17580074702131546,Low Risk
SUP-034,2024-11-26,0.9782072549400984,95.42472829189812,USA,0.35,0.06539545796341417,Low Risk
SUP-035,2024-11-26,0.7862538940274161,97.90183595783807,Vietnam,0.4,0.1456274858773914,Low Risk
SUP-036,2024-11-26,0.8537603522502244,96.69776483340024,India,0.45,0.12566789973709794,Low Risk
SUP-037,2024-11-26,0.9764678208402238,85.59428238022535,South Korea,0.5,0.12541520991088523,Low Risk
SUP-038,2024-11-26,0.8507345560622693,92.20760420886744,Vietnam,0.4,0.14223523083207537,Low Risk
SUP-039,2024-11-26,0.9032462274393804,86.57395267627263,Mexico,0.55,0.15895641060905202,Low Risk
SUP-040,2024-11-26,0.8454226555110707,88.63067523793791,Germany,0.25,0.14572176644929763,Low Risk
SUP-041,2024-11-26,0.8158116485636808,99.7999388990072,South Korea,0.5,0.13378503310081125,Low Risk
SUP-042,2024-11-26,0.9861546355103588,87.1374331435227,Mexico,0.55,0.1191119648744864,Low Risk
SUP-043,2024-11-26,0.8482401615156103,92.48332230177034,Taiwan,0.7,0.17211697696000883,Low Risk
SUP-044,2024-11-26,0.9645838088829922,94.27233601477178,South Korea,0.5,0.09171177393618048,Low Risk
SUP-045,2024-11-26,0.8051891054138607,95.53697455816156,Taiwan,0.7,0.17774851705203568,Low Risk
SUP-046,2024-11-26,0.8706978338170739,93.39473025230372,India,0.45,0.13290968864695005,Low Risk
SUP-047,2024-11-26,0.7574721798922828,85.14656271128776,Mexico,0.55,0.23097798684767784,Medium Risk
SUP-048,2024-11-26,0.9064000380902124,89.89691962365988,Germany,0.25,0.11258384455293491,Low Risk
SUP-049,2024-11-26,0.8384463224937027,92.76567465077068,Vietnam,0.4,0.14525361894936575,Low Risk
SUP-050,2024-11-26,0.9574459799615128,86.3179974871725,Turkey,0.75,0.15571832032504299,Low Risk
